<?xml version="1.0" encoding="UTF-8"?>
<beans xmlns="http://www.springframework.org/schema/beans"
	xmlns:xsi="http://www.w3.org/2001/XMLSchema-instance"
	xsi:schemaLocation="http://www.springframework.org/schema/beans https://www.springframework.org/schema/beans/spring-beans.xsd">
	
<!--DB관련된 spring설정 파일 -->

<!-- 커넥션풀을 bean으로 등록 -->
<bean id="hikariConfig" class="com.zaxxer.hikari.HikariConfig">
<property name="driverClassName" value="com.mysql.cj.jdbc.Driver"/>
<property name="jdbcUrl" value="jdbc:mysql://localhost:3306/spring?serverTimezone=Asia/Seoul"/>
<property name="username" value="spring"/>
<property name="password" value="spring"/>

<property name="maximumPoolSize" value="10"/>
</bean>

<bean id="ds" class="com.zaxxer.hikari.HikariDataSource">
<constructor-arg ref="hikariConfig"/>
</bean>

<!-- mybatis 핵심객체 sessionFactory클래스를 빈으로 생성 -->		
<bean id="sqlSessionFactory" class="org.mybatis.spring.SqlSessionFactoryBean">
<property name="dataSource" ref="ds"/>

</bean>	
	
		
</beans>
