<?xml version="1.0" encoding="UTF-8"?>
<beans:beans xmlns="http://www.springframework.org/schema/mvc"
	xmlns:xsi="http://www.w3.org/2001/XMLSchema-instance"
	xmlns:beans="http://www.springframework.org/schema/beans"
	xmlns:context="http://www.springframework.org/schema/context"
	xmlns:aop="http://www.springframework.org/schema/aop"
	xsi:schemaLocation="http://www.springframework.org/schema/mvc https://www.springframework.org/schema/mvc/spring-mvc.xsd
		http://www.springframework.org/schema/beans https://www.springframework.org/schema/beans/spring-beans.xsd
		http://www.springframework.org/schema/context https://www.springframework.org/schema/context/spring-context.xsd
		http://www.springframework.org/schema/aop http://www.springframework.org/schema/aop/spring-aop-4.3.xsd">

<!--
 스프링 설정 파일을 여러개 사용하려면 
1.web.xml에 새로운 설정파일 추가
2.servlet-context.xml 설정을 복사해서 붙여넣기
 -->
 
 <!-- mapping 태그의 요청이 들어오면 아래  bean 클래스를 실행 -->
 <interceptors>
 <interceptor>
 <mapping path="/session/updatePage"/>
 <mapping path="/session/myPage"/>
 <beans:bean class="com.zerock.util.TestLoginInterception"/>
 </interceptor>
 </interceptors>
 
 <!-- AOP관련 설정 -->
 <!-- aop클래스 스캔 설정 -->
 <context:component-scan base-package="com.zerock.util"/>
 <!-- aop어노테이션을 사용할 수 있게하는 태그 -->
 <aop:aspectj-autoproxy/>
 
</beans:beans>
