<?xml version="1.0" encoding="UTF-8"?>
<!DOCTYPE mapper
  PUBLIC "-//mybatis.org//DTD Mapper 3.0//EN"
  "http://mybatis.org/dtd/mybatis-3-mapper.dtd">
  
  <mapper namespace="com.zerock.board.mapper.BoardMapper">
  	
  	<insert id="insertBoard">
  		insert into tb1_board(writer, content, title) 
  			values(#{writer}, #{content}, #{title})
  	</insert>
  
  	<!-- <select id="getList" resultType="com.zerock.board.command.BoardVO">
  		select * from tb1_board order by num desc
  	</select> -->
  	
  	<select id="getList" resultType="com.zerock.board.command.BoardVO">
  	select *from tb1_board order by num desc limit #{pageStart},#{count}
  	</select>
  	
  	<select id="getTotal" resultType="int">
  	select count(*) as total from tb1_board
  	</select>
  	
  	<select id="getContent" resultType="com.zerock.board.command.BoardVO">
  		select * from tb1_board where num = #{num}
  	</select>
  	
  	<update id="boardUpdate">
  	update tb1_board set 
  		title= #{title}, 
  		content=#{content}, 
  		writer=#{writer}, 
		updatedate = current_timestamp 
	where num= #{num}
  	</update>
  	
  	<delete id="boardDelete">
  		delete from tb1_board where num = #{num}
  	</delete>
  	
  
  </mapper>