<?xml version="1.0" encoding="UTF-8"?>
<beans xmlns="http://www.springframework.org/schema/beans"
	xmlns:xsi="http://www.w3.org/2001/XMLSchema-instance"
	xmlns:mybatis-spring="http://mybatis.org/schema/mybatis-spring"
	xmlns:jdbc="http://www.springframework.org/schema/jdbc"
	xsi:schemaLocation="http://www.springframework.org/schema/jdbc http://www.springframework.org/schema/jdbc/spring-jdbc-4.3.xsd
		http://mybatis.org/schema/mybatis-spring http://mybatis.org/schema/mybatis-spring-1.2.xsd
		http://www.springframework.org/schema/beans https://www.springframework.org/schema/beans/spring-beans.xsd">
	
	<!-- DB관련된 spring설정 파일 -->
		
	<!-- 커넥션풀 을 bean으로 등록 -->
	<bean id="hikariConfig" class="com.zaxxer.hikari.HikariConfig">
		<property name="driverClassName" value="com.mysql.cj.jdbc.Driver"/>
		<property name="jdbcUrl" value="jdbc:mysql://localhost:3306/spring?serverTimezone=Asia/Seoul"/>
		<property name="username" value="spring"/>
		<property name="password" value="spring"/>
		
		<property name="maximumPoolSize" value="10"/>	
	</bean>
		
	<bean id="ds" class="com.zaxxer.hikari.HikariDataSource">
		<constructor-arg ref="hikariConfig"/>	
	</bean>	

	
	<!-- 마이바티스 핵심객체 sessionFactory클래스를 빈으로 생성 -->
	<bean id="sqlSessionFactory" class="org.mybatis.spring.SqlSessionFactoryBean">
		<property name="dataSource" ref="ds"/>
		
	</bean>
	
	<!-- 마이바티스 스캔명령: jdbc, mybatis 의 namespace체킹 -->
	<mybatis-spring:scan base-package="com.zerock.board.mapper"/>
	
	
</beans>
